category_name,revenue,profit
Men's Footwear,2598494.4207048593,311902.8202135816
Cameras,240496.67901670013,30289.79994564501
Sporting Goods,105063.61151119984,12518.610118848
Water Sports,2798044.184858156,325146.96003752435
Girls' Apparel,136206.83021775994,17288.56997269301
Children's Clothing,209268.38055539993,27178.099596872988
Garden,231765.46029159985,33443.01010614101
As Seen on TV!,18519.609931679995,714.4299797090005
Women's Golf Clubs,39984.38980097002,5028.639929452997
Cleats,3982856.5026169545,494636.9197905669
Boxing & MMA,76286.71994105997,8641.370006250998
Tennis & Racquet,40077.81034645999,5747.979996384997
Baby,10957.400142759998,1525.02999227
Women's Clothing,126006.93032640014,19102.849930083998
Music,101687.2898662001,14436.319922850002
Indoor/Outdoor Games,2596454.016137392,318451.4305541975
Camping & Hiking,3700783.6284584054,427455.5681057271
Men's Golf Clubs,42382.78980129003,5517.989977266001
Women's Apparel,2828708.5,350421.02956735436
Accessories,119712.54948535992,16643.520073949
Fishing,6226935.290564688,756220.7671894967
Basketball,24705.32961879999,1845.6700034540013
Golf Balls,69341.24954265992,8342.670023919005
Strength Training,48813.839533499995,332.3100905269989
Health and Beauty,95358.11028789998,9493.629974264002
Electronics,333327.26079720055,40891.379917647006
Shop By Sport,1177185.6271800578,129813.96031482209
Cardio Equipment,3320250.698639106,383011.0984847086
Fitness Accessories,31751.36004608998,5258.390016191998
Crafts,200704.87033329988,25531.170060449993
Golf Shoes,96506.46998979994,12406.070142829007
Consumer Electronics,97937.55981529996,13223.399925574995
Hunting & Shooting,50878.910079899986,5979.999945299002
Books,11303.42003274,883.0100077940001
Hockey,43618.36004757001,5397.430012878
Soccer,23909.949736550006,3901.949953446999
Lacrosse,35415.929790940005,4364.289984193001
CDs,2750.029997934999,383.8499996369999
Pet Supplies,37318.29984653005,3589.2599586140004
Men's Clothing,39365.70999249999,2006.0399694160008
Golf Gloves,104787.4003205213,12975.490078117973
Trade-In,61667.54046302004,7915.369984927998
Computers,595395.0,69656.81017112001
DVDs,71319.3796864,6655.430088234
Video Games,29919.199868829943,2717.5199967359986
Golf Bags & Carts,9403.7900006,1810.069992479
Golf Apparel,31447.4397102001,3496.3099828970016
Toys,5485.679967798994,900.7100003560001
Baseball & Softball,84367.27085248992,12762.130067433005
Kids' Golf Clubs,89473.69946238019,9045.839895538
