discount_rate,gross_sales
0.0,654882.2918320931
0.01,655102.2018338228
0.02,655296.2918492535
0.029999999,656728.8018206933
0.039999999,656304.1818141232
0.050000001,655990.2418260535
0.059999999,655500.7218169842
0.07,656128.6918104737
0.090000004,656052.9218310339
0.100000001,657144.8018512038
0.119999997,656696.0718326226
0.129999995,656824.8018321032
0.150000006,656559.0618371327
0.159999996,656526.6918409825
0.170000002,655152.581855802
0.180000007,654974.7218589825
0.200000003,655873.9918192326
0.25,656697.0718076736
